,64,WAY_001_1,1,6357A
0,64,WAY_001_1,2,6357B
1,64,WAY_001_2,1,6357B
2,64,WAY_001_2,2,6403A
3,64,WAY_001_3,1,6403A
4,64,WAY_001_3,2,6403B
5,64,WAY_001_4,1,6103B
6,64,WAY_001_4,2,6414A
7,64,WAY_001_5,1,6403B
8,64,WAY_001_5,2,6415A
9,64,WAY_001_6,1,6415A
10,64,WAY_001_6,2,6415B
11,64,WAY_001_7,1,6415B
12,64,WAY_001_7,2,6433A
13,64,WAY_001_8,1,6433A
14,64,WAY_001_8,2,6433B
15,64,WAY_001_9,1,6433B
16,64,WAY_001_9,2,6456B
17,64,WAY_001_10,1,6433B
18,64,WAY_001_10,2,6433C
19,64,WAY_001_11,1,6433C
20,64,WAY_001_11,2,6457
21,64,WAY_001_12,1,6457
22,64,WAY_001_12,2,6803A
23,64,WAY_001_13,1,6803A
24,64,WAY_001_13,2,6803B
25,64,WAY_001_14,1,6402B
26,64,WAY_001_14,2,6402A
27,64,WAY_001_15,1,6402A
28,64,WAY_001_15,2,6414B
29,64,WAY_001_16,1,6414B
30,64,WAY_001_16,2,6414A
31,64,WAY_001_17,1,6414A
32,64,WAY_001_17,2,6430B
33,64,WAY_001_18,1,6430B
34,64,WAY_001_18,2,6430A
35,64,WAY_001_19,1,6430A
36,64,WAY_001_19,2,6456D
37,64,WAY_001_20,1,6456D
38,64,WAY_001_20,2,6456C
39,64,WAY_001_21,1,6456C
40,64,WAY_001_21,2,6456B
41,64,WAY_001_22,1,6456B
42,64,WAY_001_22,2,6456A
43,64,WAY_001_23,1,6456A
44,64,WAY_001_23,2,6806B
45,64,WAY_001_24,1,6806B
46,64,WAY_001_24,2,6806A
47,64,WAY_001_25,1,6806A
48,64,WAY_001_25,2,6816B
49,64,WAY_001_26,1,6816B
50,64,WAY_001_26,2,6816A
51,64,WAY_001_27,1,6430C
52,64,WAY_001_27,2,6430B
53,70,WAY_001_1,1,6875B
54,70,WAY_001_1,2,7001
55,70,WAY_001_2,1,7001
56,70,WAY_001_2,2,7005A
57,70,WAY_001_3,1,7005A
58,70,WAY_001_3,2,7005B
59,70,WAY_001_4,1,7005B
60,70,WAY_001_4,2,7011
61,70,WAY_001_5,1,7011
62,70,WAY_001_5,2,7015
63,70,WAY_001_6,1,7015
64,70,WAY_001_6,2,7021
65,70,WAY_001_7,1,7021
66,70,WAY_001_7,2,7025A
67,70,WAY_001_8,1,7025A
68,70,WAY_001_8,2,7025B
69,70,WAY_001_9,1,7025B
70,70,WAY_001_9,2,7033A
71,70,WAY_001_10,1,7033A
72,70,WAY_001_10,2,7033B
73,70,WAY_001_11,1,7033B
74,70,WAY_001_11,2,7041A
75,70,WAY_001_12,1,7041A
76,70,WAY_001_12,2,7041B
77,70,WAY_001_13,1,7041B
78,70,WAY_001_13,2,7045A
79,70,WAY_001_14,1,7045A
80,70,WAY_001_14,2,7045B
81,70,WAY_001_15,1,7004B
82,70,WAY_001_15,2,7004A
83,70,WAY_001_16,1,7004A
84,70,WAY_001_16,2,7014B
85,70,WAY_001_17,1,7014B
86,70,WAY_001_17,2,7014A
87,70,WAY_001_18,1,7014A
88,70,WAY_001_18,2,7024B
89,70,WAY_001_19,1,7024B
90,70,WAY_001_19,2,7024A
91,70,WAY_001_20,1,7024A
92,70,WAY_001_20,2,7032B
93,70,WAY_001_21,1,7032B
94,70,WAY_001_21,2,7032A
95,70,WAY_001_22,1,7032A
96,70,WAY_001_22,2,7036
97,70,WAY_001_23,1,7036
98,70,WAY_001_23,2,7038
99,70,WAY_001_24,1,7038
100,70,WAY_001_24,2,7044
101,70,WAY_001_25,1,7044
102,70,WAY_001_25,2,7048
103,70,WAY_001_26,1,7048
104,70,WAY_001_26,2,7056B
105,74,WAY_001_1,1,7403A
106,74,WAY_001_1,2,7403B
107,74,WAY_001_2,1,7403B
108,74,WAY_001_2,2,7405A
109,74,WAY_001_3,1,7405A
110,74,WAY_001_3,2,7405E
111,74,WAY_001_4,1,7405E
112,74,WAY_001_4,2,7409
113,74,WAY_001_5,1,7405A
114,74,WAY_001_5,2,7405B
115,74,WAY_001_6,1,7405B
116,74,WAY_001_6,2,7405C
117,74,WAY_001_7,1,7405C
118,74,WAY_001_7,2,7405D
119,74,WAY_001_8,1,7405D
120,74,WAY_001_8,2,7415A
121,74,WAY_001_9,1,7415A
122,74,WAY_001_9,2,7415B
123,74,WAY_001_10,1,7415B
124,74,WAY_001_10,2,7415C
125,74,WAY_001_11,1,7415C
126,74,WAY_001_11,2,7430C
127,74,WAY_001_12,1,7415C
128,74,WAY_001_12,2,7419A
129,74,WAY_001_13,1,7419A
130,74,WAY_001_13,2,7419D
131,74,WAY_001_14,1,7419D
132,74,WAY_001_14,2,7419E
133,74,WAY_001_15,1,7419E
134,74,WAY_001_15,2,7419H
135,74,WAY_001_16,1,7419E
136,74,WAY_001_16,2,7419F
137,74,WAY_001_17,1,7419F
138,74,WAY_001_17,2,7419G
139,74,WAY_001_18,1,7419G
140,74,WAY_001_18,2,7435A
141,74,WAY_001_19,1,7435A
142,74,WAY_001_19,2,7435B
143,74,WAY_001_20,1,7435B
144,74,WAY_001_20,2,7435C
145,74,WAY_001_21,1,7435C
146,74,WAY_001_21,2,7433B
147,74,WAY_001_22,1,7419A
148,74,WAY_001_22,2,7419B
149,74,WAY_001_23,1,7419B
150,74,WAY_001_23,2,7419C
151,74,WAY_001_24,1,7419C
152,74,WAY_001_24,2,7433A
153,74,WAY_001_25,1,7433A
154,74,WAY_001_25,2,7433B
155,74,WAY_001_26,1,7433B
156,74,WAY_001_26,2,7456D
157,74,WAY_001_27,1,7433B
158,74,WAY_001_27,2,7433C
159,74,WAY_001_28,1,7433C
160,74,WAY_001_28,2,7433D
161,74,WAY_001_29,1,7433D
162,74,WAY_001_29,2,7451A
163,74,WAY_001_30,1,7451A
164,74,WAY_001_30,2,7451B
165,74,WAY_001_31,1,7451B
166,74,WAY_001_31,2,7801A
167,74,WAY_001_32,1,7801A
168,74,WAY_001_32,2,7801B
169,74,WAY_001_33,1,7801B
170,74,WAY_001_33,2,7811A
171,74,WAY_001_34,1,7056A
172,74,WAY_001_34,2,7402B
173,74,WAY_001_35,1,7402B
174,74,WAY_001_35,2,7402A
175,74,WAY_001_36,1,7402A
176,74,WAY_001_36,2,7414C
177,74,WAY_001_37,1,7414C
178,74,WAY_001_37,2,7408
179,74,WAY_001_38,1,7408
180,74,WAY_001_38,2,7702
181,74,WAY_001_39,1,7413C
182,74,WAY_001_39,2,7414B
183,74,WAY_001_40,1,7414B
184,74,WAY_001_40,2,7414A
185,74,WAY_001_41,1,7414A
186,74,WAY_001_41,2,7418
187,74,WAY_001_42,1,7418
188,74,WAY_001_42,2,7430D
189,74,WAY_001_43,1,7430D
190,74,WAY_001_43,2,7430C
191,74,WAY_001_44,1,7430C
192,74,WAY_001_44,2,7419A
193,74,WAY_001_45,1,7430C
194,74,WAY_001_45,2,7430B
195,74,WAY_001_46,1,7430B
196,74,WAY_001_46,2,7428C
197,74,WAY_001_47,1,7428C
198,74,WAY_001_47,2,7428B
199,74,WAY_001_48,1,7428B
200,74,WAY_001_48,2,7428A
201,74,WAY_001_49,1,7428A
202,74,WAY_001_49,2,7444G
203,74,WAY_001_50,1,7444G
204,74,WAY_001_50,2,7444E
205,74,WAY_001_51,1,7444E
206,74,WAY_001_51,2,7444D
207,74,WAY_001_52,1,7444D
208,74,WAY_001_52,2,7444D
209,74,WAY_001_53,1,7444H
210,74,WAY_001_53,2,7444E
211,74,WAY_001_54,1,7430B
212,74,WAY_001_54,2,7430A
213,74,WAY_001_55,1,7430A
214,74,WAY_001_55,2,7444C
215,74,WAY_001_56,1,7444C
216,74,WAY_001_56,2,7444B
217,74,WAY_001_57,1,7444B
218,74,WAY_001_57,2,7444A
219,74,WAY_001_58,1,7444A
220,74,WAY_001_58,2,7456D
221,74,WAY_001_59,1,7456D
222,74,WAY_001_59,2,7433C
223,74,WAY_001_60,1,7456D
224,74,WAY_001_60,2,7456C
225,74,WAY_001_61,1,7456C
226,74,WAY_001_61,2,7456B
227,74,WAY_001_62,1,7456B
228,74,WAY_001_62,2,7456A
229,74,WAY_001_63,1,7456A
230,74,WAY_001_63,2,7806B
231,74,WAY_001_64,1,7806B
232,74,WAY_001_64,2,7806A
233,74,WAY_001_65,1,7806A
234,74,WAY_001_65,2,7814B
235,74,WAY_001_66,1,7814B
236,74,WAY_001_66,2,7814A
237,74,WAY_001_66,1,7419E
238,74,WAY_001_66,2,7423A
239,74,WAY_001_67,1,7423A
240,74,WAY_001_67,2,7423B
241,74,WAY_001_68,1,7423B
242,74,WAY_001_68,2,7443B
243,74,WAY_001_69,1,7423B
244,74,WAY_001_69,2,7423C
245,74,WAY_001_70,1,7423C
246,74,WAY_001_70,2,7437A
247,74,WAY_001_71,1,7437A
248,74,WAY_001_71,2,7437B
249,74,WAY_001_72,1,7437B
250,74,WAY_001_72,2,7435B
251,74,WAY_001_73,1,7437B
252,74,WAY_001_73,2,7437C
253,74,WAY_001_74,1,7437C
254,74,WAY_001_74,2,7437D
255,74,WAY_001_75,1,7437C
256,74,WAY_001_75,2,7437E
257,74,WAY_001_76,1,7437D
258,74,WAY_001_76,2,7437F
259,74,WAY_001_77,1,7437E
260,74,WAY_001_77,2,7437F
261,74,WAY_001_78,1,7437A
262,74,WAY_001_78,2,7439B
263,74,WAY_001_79,1,7443A
264,74,WAY_001_79,2,7443B
265,74,WAY_001_80,1,7443B
266,74,WAY_001_80,2,7443C
267,74,WAY_001_81,1,7443C
268,74,WAY_001_81,2,7443D
269,74,WAY_001_82,1,7443D
270,74,WAY_001_82,2,7439A
271,74,WAY_001_83,1,7439A
272,74,WAY_001_83,2,7439B
273,74,WAY_001_84,1,7439B
274,74,WAY_001_84,2,7439C
275,74,WAY_001_85,1,7428B
276,74,WAY_001_85,2,7426B
277,74,WAY_001_86,1,7426B
278,74,WAY_001_86,2,7426A
279,74,WAY_001_87,1,7426A
280,74,WAY_001_87,2,7440C
281,74,WAY_001_88,1,7440C
282,74,WAY_001_88,2,7440B
283,74,WAY_001_89,1,7440B
284,74,WAY_001_89,2,7440A
285,74,WAY_001_90,1,7440A
286,74,WAY_001_90,2,7444E
287,74,WAY_001_91,1,7424C
288,74,WAY_001_91,2,7424B
289,74,WAY_001_92,1,7424B
290,74,WAY_001_92,2,7426A
291,74,WAY_001_93,1,7424B
292,74,WAY_001_93,2,7424A
293,74,WAY_001_94,1,7424A
294,74,WAY_001_94,2,7452D
295,74,WAY_001_95,1,7452D
296,74,WAY_001_95,2,7452C
297,74,WAY_001_96,1,7452C
298,74,WAY_001_96,2,7452B
299,74,WAY_001_97,1,7452B
300,74,WAY_001_97,2,7440B
301,74,WAY_001_98,1,7452B
302,74,WAY_001_98,2,7452A
303,74,WAY_001_99,1,7452A
304,74,WAY_001_99,2,7454
305,68,WAY_001_1,1,6813A
306,68,WAY_001_1,2,6813B
307,68,WAY_001_2,1,6813B
308,68,WAY_001_2,2,6823A
309,68,WAY_001_3,1,6823A
310,68,WAY_001_3,2,6823B
311,68,WAY_001_4,1,6823B
312,68,WAY_001_4,2,6833
313,68,WAY_001_5,1,6833
314,68,WAY_001_5,2,6841
315,68,WAY_001_6,1,6841
316,68,WAY_001_6,2,6845
317,68,WAY_001_7,1,6845
318,68,WAY_001_7,2,6851
319,68,WAY_001_8,1,6851
320,68,WAY_001_8,2,6855
321,68,WAY_001_9,1,6855
322,68,WAY_001_9,2,6861
323,68,WAY_001_10,1,6861
324,68,WAY_001_10,2,6865A
325,68,WAY_001_11,1,6865A
326,68,WAY_001_11,2,6865B
327,68,WAY_001_12,1,6865B
328,68,WAY_001_12,2,6875A
329,68,WAY_001_13,1,6826B
330,68,WAY_001_13,2,6826A
331,68,WAY_001_14,1,6826A
332,68,WAY_001_14,2,6836B
333,68,WAY_001_15,1,6836B
334,68,WAY_001_15,2,6836A
335,68,WAY_001_16,1,6836A
336,68,WAY_001_16,2,6844B
337,68,WAY_001_17,1,6844B
338,68,WAY_001_17,2,6844A
339,68,WAY_001_18,1,6844A
340,68,WAY_001_18,2,6854B
341,68,WAY_001_19,1,6854B
342,68,WAY_001_19,2,6854A
343,68,WAY_001_20,1,6854A
344,68,WAY_001_20,2,6864B
345,68,WAY_001_21,1,6864B
346,68,WAY_001_21,2,6864A
347,68,WAY_001_22,1,6864A
348,68,WAY_001_22,2,6872B
349,68,WAY_001_23,1,6872B
350,68,WAY_001_23,2,6872A
351,68,WAY_001_24,1,6872A
352,68,WAY_001_24,2,6874
353,68,WAY_001_25,1,6874
354,68,WAY_001_25,2,6880
355,78,WAY_001_1,1,7811B
356,78,WAY_001_1,2,7817A
357,78,WAY_001_2,1,7817A
358,78,WAY_001_2,2,7817B
359,78,WAY_001_3,1,7817B
360,78,WAY_001_3,2,7827
361,78,WAY_001_4,1,7827
362,78,WAY_001_4,2,7833A
363,78,WAY_001_5,1,7833A
364,78,WAY_001_5,2,7833B
365,78,WAY_001_6,1,7833B
366,78,WAY_001_6,2,7835A
367,78,WAY_001_7,1,7835A
368,78,WAY_001_7,2,7835B
369,78,WAY_001_8,1,7835B
370,78,WAY_001_8,2,7843
371,78,WAY_001_9,1,7843
372,78,WAY_001_9,2,7845
373,78,WAY_001_10,1,7845
374,78,WAY_001_10,2,7853
375,78,WAY_001_11,1,7822A
376,78,WAY_001_11,2,7822A
377,78,WAY_001_12,1,7822A
378,78,WAY_001_12,2,7832C
379,78,WAY_001_13,1,7832C
380,78,WAY_001_13,2,7832B
381,78,WAY_001_14,1,7832B
382,78,WAY_001_14,2,7832A
383,78,WAY_001_15,1,7832A
384,78,WAY_001_15,2,7838B
385,78,WAY_001_16,1,7838B
386,78,WAY_001_16,2,7838A
387,78,WAY_001_17,1,7838A
388,78,WAY_001_17,2,7842B
389,78,WAY_001_18,1,7842B
390,78,WAY_001_18,2,7842A
391,78,WAY_001_19,1,7842A
392,78,WAY_001_19,2,7852B
393,78,WAY_001_20,1,7852B
394,78,WAY_001_20,2,7852A
395,78,WAY_001_21,1,7852A
396,78,WAY_001_21,2,7858B
397,78,WAY_001_22,1,7858B
398,78,WAY_001_22,2,7858A
